{"median_beta":-0.1651338918,"beta_ci_lower":-0.2000022321,"beta_ci_upper":-0.1250021069,"median_half_life":4.1974858891,"hl_ci_lower":3.465697223,"hl_ci_upper":5.545083979,"n_obs":400.0,"n_valid_bootstrap":1000.0}